name,address,sido,gu
개포1호,서울 강남구 개포동 1229-18,서울,강남구
논현1호(서울),서울 강남구 논현동 184-21,서울,강남구
대치1호,서울 강남구 대치동936,서울,강남구
대치2호,서울 강남구 대치동 990번지 삼성상가 113호 1/2,서울,강남구
삼성1호,서울 강남구 삼성동 44-18,서울,강남구
세곡,서울 강남구 자곡동 611,서울,강남구
압구정신사,서울 강남구 신사동 640-5 대성빌딩 1층 1호,서울,강남구
역삼1호,서울 강남구 역삼동 837-15,서울,강남구
일원본동,서울 강남구 수서동 747 삼성아파트 상가 104호,서울,강남구
청담역,서울 강남구 청담동 65 진흥아파트상가,서울,강남구
강일,서울 강동구 강일동 679-3 리슈빌오피스텔,서울,강동구
고덕1호,서울 강동구 고덕동 650-1,서울,강동구
길1호,서울 강동구 길동 347-31,서울,강동구
둔촌1호,서울 강동구 둔촌동 454-5,서울,강동구
명일1호,서울 강동구 명일동 328-2,서울,강동구
성내,서울 강동구 성내2동 509-7 1층,서울,강동구
암사1호,서울 강동구 천호동 287-22,서울,강동구
암사2호,서울 강동구 암사동 446-18,서울,강동구
천호1호,서울 강동구 천호동 550번지,서울,강동구
덕성여대,서울 강북구 우이동 72-148,서울,강북구
미아1호,서울 강북구 미아5동 1264-233,서울,강북구
미아역,서울 강북구 미아동 131-8,서울,강북구
수유1호,서울 강북구 수유동 385-2,서울,강북구
수유역점,서울 강북구 번동 461-127,서울,강북구
가양,서울 강서구 등촌동 75-1,서울,강서구
강서구청,서울 강서구 화곡6동 987-7,서울,강서구
까치산역,서울 강서구 화곡동 343-62 라인씨티 1층,서울,강서구
등촌,서울 강서구 등촌동 649-14,서울,강서구
마곡1호,서울 강서구 강서로 마곡동 784-11 마곡오드카운티1차 111호,서울,강서구
발산역,서울 강서구 내발산동 655-6번지 1층 13호,서울,강서구
방화2호,서울 강서구 방화2동 580-27,서울,강서구
염창,서울 강서구 염창동 249-5,서울,강서구
화곡2호,서울 강서구 화곡동 400-45,서울,강서구
봉천2호,서울 관악구 봉천동 1674-20,서울,관악구
봉천3호,서울 관악구 봉천동 1632-9,서울,관악구
봉천4호,서울 관악구 봉천동 931-12,서울,관악구
봉천5호,서울 관악구 봉천3동 7-291,서울,관악구
신림1호,서울 관악구 신림4동 504-22,서울,관악구
신림2호,서울 관악구 신림동 762-7,서울,관악구
신림3호,서울 관악구 신림9동 246-49,서울,관악구
건대,서울 광진구 화양동 9-18,서울,광진구
광장,서울 광진구 광장동 530-13,서울,광진구
구의2호,서울 광진구 구의동 229-43,서울,광진구
자양1호,서울 광진구 자양3동 584-28,서울,광진구
자양2호,서울 광진구 자양동 624-42,서울,광진구
중곡1호,서울 광진구 중곡동 243-1,서울,광진구
중곡2호,서울 광진구 중곡동 24-2,서울,광진구
개봉1호,서울 구로구 개봉동 403-159,서울,구로구
고척1호,서울 구로구 개봉1동 126-4,서울,구로구
구로2호,서울 구로구 구로동 74-30,서울,구로구
구로디지털,서울 구로구 구로동 826-1,서울,구로구
동양미래대학,서울 구로구 고척동 343,서울,구로구
신도림1호,서울 구로구 신도림동 410-1 신도림6차대림@상가 902동111호,서울,구로구
오류1호,서울 구로구 오류1동 10-3,서울,구로구
천왕역,서울 구로구 오류동 203-1 1층,서울,구로구
가산디지털,서울 금천구 가산동 371-6 가산비지니스센터 2층,서울,금천구
독산1호,"서울 금천구 독산동 888-20 102호,103호",서울,금천구
시흥1호,서울 금천구 시흥2동 264-17,서울,금천구
시흥2호,서울 금천구 시흥1동 905-5,서울,금천구
공릉1호,서울 노원구 공릉동 338-6,서울,노원구
공릉2호,서울 노원구 공릉동 461-1,서울,노원구
상계4단지,서울 노원구 상계7동 749-5 상계주공@4단지상가101호,서울,노원구
상계보람,서울 노원구 상계5동 456-130,서울,노원구
석계역,서울 노원구 월계1동 73-13,서울,노원구
수락산역,서울 노원구 상계동 1118,서울,노원구
중계1호,서울 노원구 중계1동 360-9,서울,노원구
중계2호,서울 노원구 중계동 137-39 정진빌라 1층,서울,노원구
중계역,서울 노원구 중계2동 503,서울,노원구
하계1호,서울 노원구 하계1동 251 청구상가 201동 101호,서울,노원구
도봉동,서울 도봉구 도봉2동 623-163,서울,도봉구
쌍문1호,서울 도봉구 방학1동 263-75,서울,도봉구
쌍문역,서울 도봉구 쌍문3동 88-127,서울,도봉구
창3동,서울 도봉구 창동 568-2,서울,도봉구
창동,서울 도봉구 창5동 296-37,서울,도봉구
경희대,서울 동대문구 회기동 42-16,서울,동대문구
답십리1호,서울 동대문구 답십리동 257-3,서울,동대문구
서울시립대,서울 동대문구 전농1동 141-141,서울,동대문구
신이문,서울 동대문구 이문3동 237-114,서울,동대문구
안암,서울 동대문구 제기동 142-8,서울,동대문구
장안1호,서울 동대문구 전농3동 1-171,서울,동대문구
장안2호,서울 동대문구  장안동 375-3,서울,동대문구
청량리역,서울 동대문구 청량리동 50-3,서울,동대문구
대방1호,서울 동작구 대방동 20-25 한스빌 105호,서울,동작구
사당1호,서울 동작구 사당3동 155-2 1F,서울,동작구
사당3호,서울 동작구 사당동 220-119,서울,동작구
상도터널,서울 동작구 상도1동 587,서울,동작구
신대방,서울 동작구 신대방동 607-28,서울,동작구
신대방삼거리,서울 동작구 대방동 407-46,서울,동작구
흑석1호,서울 동작구 흑석동 180-6,서울,동작구
도화(서울),"서울 마포구 도화동 179-8 1,2층",서울,마포구
망원2동,서울 마포구 망원2동 474-15,서울,마포구
상암,서울 마포구 상암동 34-45,서울,마포구
성산2동,서울 마포구 성산동 592,서울,마포구
신공덕,서울 마포구 신공덕동 159(신공덕 래미안상가 1동109호),서울,마포구
신수,서울 마포구 신수동 451번지 세양청마루아파트 상가 101호,서울,마포구
아현,서울 마포구 아현동 774 마포래미안 푸르지오 101동 상가 114호,서울,마포구
연남,서울 마포구 연남동 369-20,서울,마포구
홍대,서울 마포구 서교동 371-3,서울,마포구
독립문,서울 서대문구 냉천동 228,서울,서대문구
명지대,서울 서대문구 남가좌동 344-7,서울,서대문구
북가좌1호,서울 서대문구 응암로 11,서울,서대문구
북아현1호,서울 서대문구 북아현동 1006,서울,서대문구
신촌,서울 서대문구 창천동 41-14,서울,서대문구
연희1호(서울),서울 서대문구 연희3동 344-26,서울,서대문구
홍은1호,서울 서대문구 홍제동 279-52,서울,서대문구
홍은사거리,서울 서대문구 홍제동 326-20,서울,서대문구
반포1호,서울 서초구 반포동 1053 H동 26호,서울,서초구
방배1호,서울 서초구 방배동 761-8,서울,서초구
방배2호,서울 서초구 방배3동 918-4번지,서울,서초구
서초1호,서울 서초구 서초동 1357-56,서울,서초구
서초2호,서울 서초구 서초동 1669-15,서울,서초구
서초3호,서울 서초구 서초동 1579-5,서울,서초구
양재1호,서울 서초구 양재동 327-2,서울,서초구
잠원1호,서울 서초구 잠원동 15-4,서울,서초구
금호역,서울 성동구 금호동4가 1380,서울,성동구
성수1호,서울 성동구 성수동2가 235-1,서울,성동구
성수역,서울 성동구 성수동2가 289-251,서울,성동구
왕십리1호,서울 성동구 하왕십리동 946-15,서울,성동구
왕십리도선,서울 성동구 홍익동 131-1,서울,성동구
응봉,서울 성동구 응봉동 100 상가내 1층,서울,성동구
동덕여대,서울 성북구 하월곡동 17-1,서울,성북구
동소문,서울 성북구 동소문동 6가 227 1층,서울,성북구
보문역,서울 성북구 보문동2가 40,서울,성북구
석관장위,서울 성북구 장위2동 64-129,서울,성북구
정릉1호,서울 성북구 정릉4동 285-4,서울,성북구
정릉2호,서울 성북구 정릉동 175-24,서울,성북구
가락2호,서울 송파구 가락동 75-7,서울,송파구
거여가락1호,서울 송파구 가락동 180-9,서울,송파구
마천1호,서울 송파구 거여동 32-6,서울,송파구
문정법조,서울 송파구 문정동 620 송파푸르지오시티 B09호,서울,송파구
방이2호,서울 송파구 방이동 59-1,서울,송파구
방이역,서울 송파구 오금동 41-23 성암빌딩 1층,서울,송파구
석촌,서울 송파구 석촌동 163-1,서울,송파구
송파1호,서울 송파구 송파동 147,서울,송파구
위례송파,"서울 송파구 장지동 894 위례아이파크 상가1동 103호, 104호",서울,송파구
잠실1호,서울 송파구 잠실본동 313-8,서울,송파구
잠실2호,서울 송파구 신천동 11-4,서울,송파구
장지,서울 송파구 문정동 102-1,서울,송파구
풍납1호,서울 송파구 풍납2동 405번지,서울,송파구
목동1호,서울 양천구 목동 797-3,서울,양천구
목동2호,서울 양천구 목동 909-8 이화프라자 1층 101호,서울,양천구
목동오거리,서울 양천구 목동 940 현대아이파크상가 102,서울,양천구
신월2호,서울 양천구 신월7동 972-6,서울,양천구
신정1호,서울 양천구 신정1동 1027-2,서울,양천구
신트리,서울 양천구 신정동 1267 목동뉴프라자,서울,양천구
오목교,서울 양천구 신정동 1296 아이파크 상가 1층,서울,양천구
화곡1호,서울 양천구 신월동 23-17,서울,양천구
당산1호,서울 영등포구 영등포동8가 76-1 삼환@상가 112호,서울,영등포구
대림2호,서울 영등포구 대림3동 783-6,서울,영등포구
문래,서울시 영등포구 문래동3가 77-34,서울시,영등포구
신길1호,서울 영등포구 신길동 296-14,서울,영등포구
신길2호,서울 영등포구 신길7동 674,서울,영등포구
여의도,서울 영등포구 여의도동 44-31,서울,영등포구
영등포1호,서울 영등포구 도림동 76-24,서울,영등포구
동부이촌,서울 용산구 이촌1동 301-153 오성상가 103,서울,용산구
보광,서울 용산구 보광동 217-13,서울,용산구
용문,서울 용산구 용문동 28-26,서울,용산구
후암,서울 용산구 후암동 244-59,서울,용산구
구산역,서울 은평구 갈현2동 464-14,서울,은평구
대조,서울 은평구 대조동 231 삼성타운 A 101호,서울,은평구
불광1동,서울 은평구 불광동 554-1 라비앙프라자1층 101호,서울,은평구
신사1동,서울 은평구 신사동 29-13,서울,은평구
역촌1호,서울 은평구 역촌동 55-1,서울,은평구
연신내,서울 은평구 불광동 484-72,서울,은평구
은평뉴타운,서울 은평구 진관동 22 은평뉴타운상가 914-103호,서울,은평구
응암1동,서울 은평구 응암동 236-33,서울,은평구
증산(서울),서울 은평구 증산동 209-18,서울,은평구
대학로,서울 종로구 명륜동4가 113-1,서울,종로구
숭인,서울 종로구 숭인2동 183-13,서울,종로구
동대문1호,서울 중구 창신동 464-6,서울,중구
신당1호,서울 중구 신당동 846,서울,중구
망우본동,서울 중랑구 망우동 149-7,서울,중랑구
면목1호,서울 중랑구 면목본동 72-43,서울,중랑구
면목2호,서울 중랑구 면목2동 191-126,서울,중랑구
면목3호,서울 중랑구 면목동 1096-16,서울,중랑구
묵동,서울 중랑구 묵동 238-90,서울,중랑구
상봉1호,서울 중랑구 상봉1동 268-34,서울,중랑구
신내1호,서울 중랑구 신내1동 571-26 1층 상가,서울,중랑구
국제신도시,부산 강서구 명지동 3412-6,부산,강서구
명지신도시,부산 강서구 명지동 3256-5,부산,강서구
신호,부산 강서구 신호동 317-15,부산,강서구
지사,부산 강서구 지사동 1191-5,부산,강서구
구서1호,부산 금정구 구서2동 1024-1,부산,금정구
남산1호,부산 금정구 남산동 99-6,부산,금정구
부곡1호,부산 금정구 부곡동 23-15,부산,금정구
부곡2호,부산 금정구 부곡1동 324-20,부산,금정구
부산대,부산 금정구 금강로 장전동 418-13,부산,금정구
서동1호,부산 금정구 서동 210-6,부산,금정구
장전1호,부산 금정구 장전동 134-19,부산,금정구
기장,부산 기장군 기장읍 동부리 134-2,부산,기장군
정관1호,부산 기장군 정관면 매학리 751-8,부산,기장군
정관2호,부산 기장군 모전리 747-7,부산,기장군
감만,부산 남구 감만1동 158-6,부산,남구
대연1호,부산 남구 대연동 1013-8,부산,남구
대연2호,부산 남구 대연동 52-7,부산,남구
메트로시티1호,부산 남구 용호동 176-30,부산,남구
못골,부산 남구 대연동 1543-33,부산,남구
문현2호,부산 남구 문현1동 127-56,부산,남구
용호1호,부산 남구 용호3동 495-46 1층,부산,남구
범일1호,부산 동구 범일2동 833-2,부산,동구
수정1호,부산 동구 수정동 295-3,부산,동구
초량,부산 동구 초량2동 489-4,부산,동구
명륜(부산),부산 동래구 명륜1동 673-9,부산,동래구
명장1호,부산 동래구 명장동 26-24번지 국제아파트 상가 106호,부산,동래구
복천,부산 동래구 복천동 476-1,부산,동래구
사직1호(부산),부산 동래구 사직동 137-5번지,부산,동래구
사직2호,부산 동래구 사직동 89-16,부산,동래구
수안,부산 동래구 수안동 192-4,부산,동래구
안락2호,부산 동래구 안락동 670-13,부산,동래구
온천1호,부산 동래구 온천동 210-5번지,부산,동래구
온천2호,부산 동래구 온천3동 1448-1 명보아파트 상가 가동 101호,부산,동래구
우방신세계,부산 동래구 안락동 471-41,부산,동래구
가야,부산 부산진구 가야동 478,부산,부산진구
개금1호,부산 부산진구 개금동 2-1,부산,부산진구
개금2호,부산 부산진구 개금1동 201-6,부산,부산진구
당감,부산 부산진구 당감동 367-2,부산,부산진구
범천,부산 부산진구 범천동 1278-11,부산,부산진구
서면,부산 부산진구 부전동 266-24,부산,부산진구
양정,부산 부산진구 양정동 310-6,부산,부산진구
연지,부산 부산진구 동평로 299,부산,부산진구
초읍대공원,부산 부산진구 초읍동 288-6,부산,부산진구
구포1호,부산 북구 구포3동 1228-1,부산,북구
덕천2호,부산 북구 덕천3동 781-2,부산,북구
만덕2호,부산 북구 만덕3동 915-6,부산,북구
화명1호,부산 북구 화명동 1417-15호 좌측,부산,북구
화명3호,부산 북구 화명동 182-5(2층),부산,북구
화명신도시,부산 북구 화명동 2266-1,부산,북구
괘법,부산 사상구 괘법동 516-1,부산,사상구
덕포,부산 사상구 덕포동 420-4,부산,사상구
동서대,부산 사상구 주례동 55-176,부산,사상구
모라,부산 사상구 모라동 1349-,부산,사상구
신주례,부산 사상구 주례2동 3-17,부산,사상구
엄궁,부산 사상구 엄궁동 40-94,부산,사상구
학장,부산 사상구 학장동 579-9,부산,사상구
괴정1호,부산 사하구 괴정동 487-24,부산,사하구
다대1호,부산 사하구 다대2동 85-5,부산,사하구
다대2호,부산 사하구 다대동 1014,부산,사하구
당리괴정2호,부산 사하구 괴정동 577-42,부산,사하구
신평1호,부산 사하구 신평동 71-15,부산,사하구
장림,부산 사하구 장림동 590,부산,사하구
하단1호,부산 사하구 하단2동 506-15,부산,사하구
하단2호,부산 사하구 하단동 605-42,부산,사하구
국제신도시,부산 강서구 명지동 3412-6,부산,강서구
남부민,부산 서구 남부민동 457-18,부산,서구
대신,부산 서구 대영로 30,부산,서구
명지신도시,부산 강서구 명지동 3256-5,부산,강서구
송도감천,부산 서구 암남동 64-2 104호,부산,서구
신호,부산 강서구 신호동 317-15,부산,강서구
아미부민,부산 서구 부민동1가 11-3,부산,서구
지사,부산 강서구 지사동 1191-5,부산,강서구
광안2호,부산 수영구 광안동 168-3,부산,수영구
망미1호,부산 수영구 망미동 431-11,부산,수영구
민락(부산),부산 수영구 민락동 165-15,부산,수영구
수영,부산 수영구 수영동 503-23,부산,수영구
거제법조,부산 연제구 거제동 986-5,부산,연제구
시청,부산 연제구 거제3동 34-19,부산,연제구
연산2호,부산 연제구 연산4동 578-1 삼익아파트 상가 101호,부산,연제구
연산3호,부산 연제구 연산동 2133-48,부산,연제구
대교남항,부산 영도구 남항동 2가 40,부산,영도구
동삼,부산 영도구 동삼1동 331-9,부산,영도구
봉래영선,"부산 영도구 영선동1가 69-2, 69-3",부산,영도구
청학,부산 영도구  청학동 13-14,부산,영도구
영주대청,부산 중구 대청동4가 82-13,부산,중구
반송(부산),부산 해운대구 반송2동 216-150,부산,해운대구
반여1호,부산 해운대구 반여동 1628-5,부산,해운대구
송정(부산),부산 해운대구 송정동 227-7,부산,해운대구
우동1호,부산 해운대구 우동 1090-13,부산,해운대구
재송1호,부산 해운대구 재송2동 1149-13,부산,해운대구
재송2호,부산 해운대구 재송동 1083-1,부산,해운대구
좌동1호,부산 해운대구 좌동 970,부산,해운대구
좌동3호,부산 해운대구 좌동 1450  주공3단지 상가 205,부산,해운대구
해운대역,부산 해운대구 우동 639-4,부산,해운대구
계명,대구시 남구 양지로 107,대구시,남구
대명1호,대구 남구 대명동 1098-4,대구,남구
봉덕,대구 남구 봉덕동 687-32,대구,남구
앞산,대구 남구 대명동 780-3,대구,남구
이천대봉,대구 남구 이천동 184-9,대구,남구
감삼성당,대구 달서구 감삼동 317-3,대구,달서구
대곡,대구 달서구 도원동 1442-2 1층 107호,대구,달서구
상인,대구 달서구 상인동 1555-1,대구,달서구
성서,대구 달서구 신당동 1763-2,대구,달서구
송현(대구),대구 달서구 송현1동 207-2,대구,달서구
신월성,대구 달서구 월성동 1264번지 트럼프스타 B/D 106호,대구,달서구
용산,대구 달서구 용산1동 954-6,대구,달서구
용산새방,대구 달서구 용산동 499-2,대구,달서구
장기,대구 달서구 장기동 566-4,대구,달서구
진천(대구),대구 달서구 진천동 508,대구,달서구
구지,대구 달성군 구지면 응암리 1204-2,대구,달성군
논공,대구 달성군 논공읍 북리 803-128,대구,달성군
다사,대구 달성군 다사읍 죽곡리 809-1,대구,달성군
명곡,대구 달성군 화원읍 명곡리 320-1,대구,달성군
서재세천,대구 달성군 다사읍 서재리 423-15,대구,달성군
테크노폴리스,대구 달성군 유가면 봉리 606 하이젠스타 115호,대구,달성군
화원,대구 달성군 화원읍 천내리 54-1,대구,달성군
대구혁신,대구 동구 각산동 1098-5 102호,대구,동구
동구청,대구 동구 신암동 345-3,대구,동구
동호,대구 동구 동호동 384-7,대구,동구
방촌,대구 동구 방촌동 1118-121,대구,동구
신암대현,대구 동구 신암동 806-3,대구,동구
신천1호(대구),대구 동구 신천동 501-5,대구,동구
신천2호,대구 동구 신청동 377-12,대구,동구
율하(대구),대구 동구 율하동 1311번지 102호,대구,동구
지묘봉무,대구 동구 지묘동 808-3,대구,동구
지저불로,대구 동구 지저동 833-15,대구,동구
관음,대구 북구 관음동 1383-9,대구,북구
구암,대구 북구 태전동 1074-6,대구,북구
금호지구,대구 북구 사수동 912,대구,북구
동서변,대구 북구 동변동 669-4,대구,북구
동천3지구,대구 북구 동천동 906-3,대구,북구
복현1호,대구 북구 복현동 460-6,대구,북구
복현2호,대구 북구 복현동 539 -110 복현서한타운 상가 103호,대구,북구
산격,대구 북구 산격동 1400-20,대구,북구
원대,대구 북구 노원동3가 892-1,대구,북구
칠성고성,대구 북구 동2가 42-9,대구,북구
침산,대구 북구 침산동 457-31,대구,북구
태전(대구),대구 북구 태전동 254-30,대구,북구
팔달매천,대구 북구 매천동 682,대구,북구
감삼성당,대구 달서구 감삼동 317-3,대구,달서구
내당,대구 서구 내당동 219-7,대구,서구
달성비산,"대구 서구 비산 2,3동 3-50",대구,서구
대곡,대구 달서구 도원동 1442-2 1층 107호,대구,달서구
상인,대구 달서구 상인동 1555-1,대구,달서구
성서,대구 달서구 신당동 1763-2,대구,달서구
송현(대구),대구 달서구 송현1동 207-2,대구,달서구
신월성,대구 달서구 월성동 1264번지 트럼프스타 B/D 106호,대구,달서구
용산,대구 달서구 용산1동 954-6,대구,달서구
용산새방,대구 달서구 용산동 499-2,대구,달서구
장기,대구 달서구 장기동 566-4,대구,달서구
진천(대구),대구 달서구 진천동 508,대구,달서구
평리,대구 서구 평리동 1217-2,대구,서구
만촌1호,대구 수성구 만촌동 849-2,대구,수성구
만촌2호,대구 수성구 만촌1동 1330-12,대구,수성구
범물,대구 수성구 범물동 1374-4,대구,수성구
범어1호,대구 수성구 범어동 203-18,대구,수성구
범어2호,대구 수성구 범어동 478-12,대구,수성구
수성(대구),대구 수성구 수성동4가 1022-11,대구,수성구
시지1호,대구 수성구 매호동 1328-12,대구,수성구
시지2호,대구 수성구 시지동 498번지 시지노변아파트 상가 2동 108호,대구,수성구
시지3호,대구 수성구 신매동 593-4,대구,수성구
중동,대구 수성구 중동 97-5,대구,수성구
지산,"대구 수성구 지산동 1234, 113동 4호",대구,수성구
파동,대구 수성구 상동 380-2,대구,수성구
황금,대구 수성구 두산동 133-1,대구,수성구
남산대신,대구 중구 남산3동 2466-14,대구,중구
중앙(대구),대구 중구 남일동 33-9,대구,중구
강화,인천 강화군 강화읍 갑곳리 199-1,인천,강화군
계산1호,인천 계양구 계산동 1081-10,인천,계양구
계산2호,인천 계양구 계산3동 61-2,인천,계양구
임학박촌,인천 계양구 박촌동 52-3,인천,계양구
작전1호,인천 계양구 작전동 149-1,인천,계양구
효성1호,"인천 계양구 효성1동 21-11 현대아파트 상가동 101호, 102호, 103호",인천,계양구
효성2호,인천 계양구 효성2동 273-3,인천,계양구
관교,인천 남구 관교동 321-5,인천,남구
용현2동,인천 남구 용현동 558-32,인천,남구
용현5동,인천 남구 용현동 630-45,인천,남구
주안1호,인천 남구 주안동 1523-2,인천,남구
주안3호,인천 남구 주안동 929-11,인천,남구
학익1호,인천 남구 학익동 293-37,인천,남구
간석1호,인천 남동구 구월동 70-80,인천,남동구
구월,인천 남동구 구월동 1133-13,인천,남동구
논현1호(인천),인천 남동구 논현동 620-8,인천,남동구
논현에코메트로,인천 남동구 논현동 752-1,인천,남동구
만수1호,인천 남동구 만수동 1045 103호,인천,남동구
만수2호,인천 남동구 만수2동 5-440,인천,남동구
만수3호,인천 남동구 간석3동 921-14,인천,남동구
서창,인천 남동구 서창동 706,인천,남동구
간석1호,인천 남동구 구월동 70-80,인천,남동구
구월,인천 남동구 구월동 1133-13,인천,남동구
논현1호(인천),인천 남동구 논현동 620-8,인천,남동구
논현에코메트로,인천 남동구 논현동 752-1,인천,남동구
만수1호,인천 남동구 만수동 1045 103호,인천,남동구
만수2호,인천 남동구 만수2동 5-440,인천,남동구
만수3호,인천 남동구 간석3동 921-14,인천,남동구
서창,인천 남동구 서창동 706,인천,남동구
송현(인천),인천 동구 송림동 234-1,인천,동구
부개1동,인천 부평구 부개동 265-3,인천,부평구
부개3동,인천 부평구 부개동 12-127,인천,부평구
부평1호,인천 부평구 부평동 451-30,인천,부평구
부평2호,인천 부평구 부평동 889-8,인천,부평구
산곡1호,인천 부평구 산곡동 369-270,인천,부평구
산곡2호,인천 부평구 산곡동 119-54,인천,부평구
산곡3호,인천 부평구 산곡2동 251-1,인천,부평구
삼산(부평),인천 부평구 삼산동 433-1,인천,부평구
십정1호,인천 부평구 십정동 417-3,인천,부평구
가좌,인천 서구 가좌동 30-78,인천,서구
검단1호,인천 서구 검단로 왕길동 637-1,인천,서구
검암,인천 서구 검암동 626-2번지 태건프라자 105호,인천,서구
당하,인천 서구 마전동 585,인천,서구
불로원당,인천 서구 당하동 1033-3 조이빌 103,인천,서구
석남가정,인천 서구 가정동 505-4,인천,서구
연희1호(인천),인천 서구 심곡동 257-15,인천,서구
청라,인천 서구 연희동 799-8 우리프라자 1층,인천,서구
동춘,인천 연수구 동춘동 934-1,인천,연수구
선학연수3호,인천 연수구 선학동 406-2,인천,연수구
송도1호,인천 연수구 송도동 21-59  302동 102호,인천,연수구
송도드림시티,인천 연수구 송도동 3-2,인천,연수구
연수중앙,인천 연수구 연수동 626,인천,연수구
옥련,인천 연수구 옥련동 194-4,인천,연수구
공항신도시,인천 중구 운서동 2797-4 대원프라자,인천,중구
영종하늘도시,"인천 중구 중산동 1884-4 108,109호",인천,중구
소촌우산,광주 광산구 소촌동 244-6,광주,광산구
송정1호,광주 광산구 도산동 1143,광주,광산구
수완1호,광주 광산구 장덕동 1479번지 1층,광주,광산구
수완2호,광주 광산구 수완동 1128번지  102호,광주,광산구
신창,광주 광산구 신창동 1236-1,광주,광산구
운남1호,광주 광산구 월곡2동 683-1,광주,광산구
첨단1호,광주 광산구 산월동 884-2,광주,광산구
첨단2호,광주 광산구 쌍암동 655-4번지,광주,광산구
하남1호,광주 광산구 산정동 977-13,광주,광산구
하남2지구,광주 광산구 산정동 1039,광주,광산구
노대효천,광주 남구 노대동 814,광주,남구
백운,광주 남구 서동 71-15,광주,남구
봉선1호,광주 남구 주월1동 1253-4,광주,남구
봉선2호,광주 남구 봉선2동 475,광주,남구
주월,광주 남구 월산동 1034-17,광주,남구
진월,광주 남구 진월동 870번지 한국아델리움 2차상가 230동 102호,광주,남구
계림,광주 동구 장동 16-4,광주,동구
조선대,광주 동구 지산동 500번지,광주,동구
학동,광주 동구 학동 735-16,광주,동구
두암1호,광주 북구 두암2동 826-50,광주,북구
문흥1호,광주 북구 문흥동 980-15,광주,북구
양산1호,광주 북구 양산동 877-1 1층,광주,북구
오치,광주 북구 오치동 785-4,광주,북구
운암1호,광주 북구 운암3동 1051-5,광주,북구
운암2호(광주),광주 북구 운암동 492-39,광주,북구
일곡1호,광주 북구 일곡동 828-4,광주,북구
전남대,광주 북구 용봉동161-15번지,광주,북구
첨단신용,광주 북구 신용동 693,광주,북구
금호,광주 서구 쌍촌동 881번지,광주,서구
동천(광주),광주 서구 동천동 527,광주,서구
마재,"광주 서구 금호동 813 대주파크빌상가 124동 114호, 115호",광주,서구
상무1호,광주 서구 치평동 1258,광주,서구
쌍촌1호,광주 서구 쌍촌동 147,광주,서구
풍암1호,광주 서구 풍암동 1048번지 호반 APT상가 104호,광주,서구
화정1호(광주),광주 서구 화정동 824-16,광주,서구
화정2호,"광주 서구 농성동 666-1 1층 113,114호",광주,서구
송촌1호,대전 대덕구 송촌동 454-4,대전,대덕구
신탄진,대전 대덕구 석봉동 309-1,대전,대덕구
한남대,대전 대덕구 한남로 오정동 223-260,대전,대덕구
가오천동,대전 동구 가오동 235-12,대전,동구
비래,대전 동구 가양동 88-1 조일아파트상가 A동,대전,동구
용운,대전 동구 용운동 306-3,대전,동구
자양대동,대전 동구 대동 192-1,대전,동구
가장내동,대전 서구 가장동 50-45,대전,서구
갈마1호,대전 서구 갈마2동 404-2 푸른아파트 상가 107-2,대전,서구
관저느리울,대전 서구 관저동 1354,대전,서구
도마1호,대전 서구 도마동 114-19,대전,서구
도안2지구,대전 서구 가수원동 1036,대전,서구
둔산1호,대전 서구 둔산2동 1093,대전,서구
둔산2호,대전 서구 둔산동 1851,대전,서구
만년,대전 서구 만년동 316,대전,서구
복수,대전 서구 복수동 622,대전,서구
월평1호,대전 서구 월평1동 845번지,대전,서구
탄방,대전 서구 탄방동 723,대전,서구
관저1호,대전 유성구 원내동 829 외 1필지,대전,유성구
관평,대전 유성구 관평동 1056,대전,유성구
노은1지구,대전 유성구 노은동 553-9 스타돔 120호,대전,유성구
노은2지구,대전 유성구 지족동 985-2,대전,유성구
도안1지구,대전 유성구 상대동 469-9,대전,유성구
송강,대전 유성구 봉산동 198-13,대전,유성구
신성,대전 유성구 신성동 137-15,대전,유성구
유성,대전 유성구 봉명동 621-1,대전,유성구
전민,대전 유성구 전민동 306-13,대전,유성구
대사부사,대전 중구 대사동 69-53,대전,중구
문화1호,대전 중구 문화동 466-16,대전,중구
용두오류,대전 중구 용두동 26-1,대전,중구
중촌,대전 중구 중촌동 98-16,대전,중구
태평1호,대전 중구 유천동 326-13,대전,중구
공업탑,울산 남구 신정동 1218-7,울산,남구
달동,울산 남구 달동 135-2,울산,남구
무거1호,울산 남구 무거동 1484-2,울산,남구
삼산(울산),울산 남구 달동 1331-20,울산,남구
삼산2호,울산 남구 삼산동 203-15,울산,남구
수암,울산 남구 신정4동 870-9,울산,남구
신정3동(구 신정3호점),울산 남구 신정3동 177-1,울산,남구
야음1호,울산 남구 선암동 679-3,울산,남구
야음2호,울산 남구 야음1동 455-8,울산,남구
옥동(울산),울산 남구 옥동 1406-17,울산,남구
울대,울산 남구 무거동 583-17,울산,남구
남목서부,울산 동구 서부동 181-31,울산,동구
방어,울산 동구 방어동 1149-1,울산,동구
전하,울산 동구 전하2동 634-4,울산,동구
화정,울산 동구 화정동 438-3,울산,동구
강동산하,울산 북구 산하동 89,울산,북구
양정염포,울산 북구 양정동 497-11,울산,북구
진장명촌,울산 북구 명촌동 692-3,울산,북구
호계1호(울산),울산 북구 호계동 286-15,울산,북구
호계2호,울산 북구 신천동 107-4,울산,북구
화봉,울산 북구 연암동 414-3,울산,북구
구영,울산 울주군 범서읍 구영리 801-6,울산,울주군
남창,울산 울주군 온양읍 운화리 56-6,울산,울주군
덕신,울산 울주군 덕신리 1294-2,울산,울주군
언양,울산 울주군 언양읍 동부리 147-1,울산,울주군
웅촌,울산 울주군 청량면 삼정리 755-1 가동 216호,울산,울주군
천상,울산 울주군 범서읍 천상리 650-5,울산,울주군
다운,울산 중구 다운동 536-1,울산,중구
반구1호,울산 중구 반구동 874-3,울산,중구
반구2호,울산 중구 반구동 99-17,울산,중구
복산,울산 중구 복산동 399-12,울산,중구
성안,울산 중구 성안동 804-10,울산,중구
약사병영,울산 중구 약사동 629-17,울산,중구
옥교,울산 중구 학산동 3-27,울산,중구
우정,울산 중구 우정동 436-41,울산,중구
태화,울산 중구 태화동 117-2,울산,중구
한솔,세종 한솔동 927,세종,한솔동
도담,세종 도담동 245-1,세종,도담동
보람,세종시 보람동 628-4,세종시,보람동
고운,세종 고운동 1718,세종,고운동
가평,경기 가평군 가평읍 대곡리 230-23,경기,가평군
청평,경기 가평군 청평면 청평리 452-5,경기,가평군
현리,경기 가평군 하면 현리 259-7,경기,가평군
고양동,경기 고양시 덕양구 고양동 176-8 104호,경기,고양시
무원마을,경기 고양시 덕양구 행신동 719-9 (1층103호),경기,고양시
삼송,경기도 고양시 덕양구 신원동 626-1 1층 상가 5~6호,경기도,고양시
원당,경기 고양시 덕양구 성사동 519-2,경기,고양시
행신1호,경기 고양시 덕양구 행신동 995-2,경기,고양시
화정1호(고양),경기 고양시 덕양구 화정동 906-5 1층 102호,경기,고양시
강선,경기 고양시 일산동구 정발산동 717-3,경기,고양시
밤가시후곡,경기 고양시 일산동구 정발산동 1093,경기,고양시
백마강촌,경기 고양시 일산동구 마두1동 734 백마마을4단지상가 106호,경기,고양시
백송,경기 고양시 일산동구 백석동 1225 중앙프라자 103호,경기,고양시
식사,경기 고양시 일산동구 식사동 1531,경기,고양시
중산,경기 고양시 일산동구 중산동 1667-3,경기,고양시
호수,경기 고양시 일산동구 백석동 1414-15,경기,고양시
구일산,경기 고양시 일산서구 일산동 967-6,경기,고양시
대화,경기 고양시 일산서구 대화동 2126-2 (동남빌딩 101호),경기,고양시
주엽,경기 고양시 일산서구 주엽2동 138 애비뉴상가 1층 1068호,경기,고양시
탄현,경기 고양시 일산서구 탄현동 1501-4,경기,고양시
과천1호,경기 과천시 원문동 4 레미안 슈르 A상가(4번지)동 제1층 1023호,경기,과천시
광명1호,경기 광명시 광명동 295-4,경기,광명시
소하1호,경기 광명시 소하동 1240-3,경기,광명시
소하2호,"경기 광명시 소하동 1363, 신촌 휴먼시아 상가 106호",경기,광명시
철산1호,경기 광명시 철산동 210-1,경기,광명시
철산2호,경기 광명시 철산동 92-1,경기,광명시
하안1호,"경기 광명시 하안동 35-5, 영보빌딩 102호",경기,광명시
곤지암,경기 광주시 곤지암읍 곤지암리 443-9,경기,광주시
광주1호,경기 광주시 경안동 154-1,경기,광주시
신현,경기 광주시 오포읍 신현리 371-4,경기,광주시
태전(경기광주),경기 광주시 태전동 261-14,경기,광주시
수택,경기 구리시 교문동 760-12,경기,구리시
인창,경기 구리시 인창동 527-17,경기,구리시
토평,경기 구리시 토평동 999-2,경기,구리시
당동1호,경기 군포시 당동 904-5 그린프라자 102호,경기,군포시
부곡(부곡),경기 군포시 부곡동 1120-4,경기,군포시
산본1호,경기 군포시 산본동 1106-3 101호,경기,군포시
산본3호,경기 군포시 산본동 48 에덴다모은정아파트 1층,경기,군포시
산본역,경기 군포시 산본동 1142-6,경기,군포시
호계3호,경기 군포시 당정동 2-3,경기,군포시
고촌,경기 김포시 고촌면 신곡리 1052,경기,김포시
구래,경기 김포시 구래동 6883-1,경기,김포시
사우,경기 김포시 사우동 998,경기,김포시
운양,경기 김포시 운양동 1297-6 승문리앤포레 1차 1층,경기,김포시
장기1호,경기 김포시 장기동 장기동 1360,경기,김포시
통진1호,경기 김포시 서암리 758-79,경기,김포시
풍무,경기 김포시 풍무동 429-11,경기,김포시
다산신도시1호,경기 남양주시 다산동 산3006-2,경기,남양주시
덕소1호,경기 남양주시 와부읍 덕소리 141-91,경기,남양주시
도농1호,경기 남양주시 도농동 153-5,경기,남양주시
마석,경기 남양주시 화도읍 마석우리 384-8,경기,남양주시
별내1호,경기 남양주시 별내동 1078-3,경기,남양주시
별내2호,경기 남양주시 별내동 846-7,경기,남양주시
오남,경기 남양주시 오남읍 오남리 205-19,경기,남양주시
진건,경기 남양주시 진건읍 사능리 353-4,경기,남양주시
진접장현리,경기 남양주시 진접읍 장현리 672-1,경기,남양주시
진접지구,경기 남양주시 진접읍 금곡리 1041-1,경기,남양주시
창현,경기 남양주시 화도읍 창현리 462-3,경기,남양주시
퇴계원,경기 남양주시 퇴계원면 퇴계원리 290-14,경기,남양주시
평내,경기 남양주시 평내동 203-2,경기,남양주시
호평,경기 남양주시 호평동 650-1,경기,남양주시
송내(동두천),경기 동두천시 지행동 694 예일 복합타워 114호,경기,동두천시
괴안,경기 부천시 소사구 괴안동 39-2,경기,부천시
소사범박,경기 부천시 소사구 소사본동 139-9,경기,부천시
송내(부천),경기 부천시 소사구 송내1동 366-13,경기,부천시
심곡1호,경기 부천시 소사구 심곡본동 678-17,경기,부천시
고강1호,경기 부천시 오정구 고강1동 305-4,경기,부천시
원종도당,경기 부천시 오정구 원종1동 281-15,경기,부천시
복사골,경기 부천시 원미구 중동 716-4,경기,부천시
상동1호,경기 부천시 원미구 상2동 546-6 110호,경기,부천시
상동역,경기 부천시 원미구 상동 523-3 대동프라자 1층 107호,경기,부천시
송내로데오,경기 부천시 원미구 상동 400-2,경기,부천시
신중동,경기 부천시 원미구 중동 1141-1,경기,부천시
역곡2동,경기 부천시 원미구 역곡동 48-5,경기,부천시
중동2호,경기 부천시 원미구 중4동 1033-3,경기,부천시
중동꿈마을,경기 부천시 원미구 심곡동 93-1,경기,부천시
동판교,경기 성남시 분당구 삼평동 664,경기,성남시
무지개마을,경기 성남시 분당구 구미동 212-2,경기,성남시
미금,경기 성남시 분당구 구미동 47-1,경기,성남시
서판교,경기 성남시 분당구 판교동 612-3,경기,성남시
서현,"경기 성남시 분당구 서현동 89-7, 삼성한신근린상가",경기,성남시
수내1호,경기 성남시 분당구 수내동 32 양지마을청구아파트,경기,성남시
아름마을,"경기 성남시 분당구 야탑동 533-8, 미라보상가 1층 7호",경기,성남시
야탑1호,경기 성남시 분당구 야탑동 272-4,경기,성남시
정자,경기 성남시 분당구 정자동 17-5,경기,성남시
효자(분당),경기 성남시 분당구 서현동 298-3  효자촌프라자 119호,경기,성남시
수진1호,경기 성남시 수정구 수진동 88번지 102호,경기,성남시
신흥1호,경기 성남시 수정구 신흥동 34,경기,성남시
태평1동,경기 성남시 수정구 태평동 6974-1,경기,성남시
금광1호,경기 성남시 중원구 금광동 2706,경기,성남시
상대원1호,경기 성남시 중원구 상대원동 5027,경기,성남시
은행1호(성남),경기 성남시 중원구 은행동 663-3,경기,성남시
고색,경기 수원시 권선구 고색동 31-4,경기,수원시
곡반정,경기 수원시 권선구 곡반정동 584-4,경기,수원시
권선1호,경기 수원시 권선구 권선동 1260-5,경기,수원시
금곡1호,경기 수원시 권선구 금곡동 1088-1,경기,수원시
매교,경기 수원시 권선구 세류동 97-5,경기,수원시
탑동(수원),경기 수원시 권선구 탑동 766-2,경기,수원시
호매실,경기 수원시 권선구 금곡동 1137-3,경기,수원시
광교1호,경기 수원시 영통구 이의동 1332 CB 4~5호,경기,수원시
매탄1호,경기 수원시 영통구 매탄동 1170-4,경기,수원시
매탄2호,경기 수원시 영통구 매탄2동 199-69,경기,수원시
매탄3호,경기 수원시 영통구 매탄4동 208-21,경기,수원시
신영통1호,경기 수원시 영통구 망포동 369-3,경기,수원시
영통1호,경기 수원시 영통구 영통동 1005-1,경기,수원시
영통2호,"경기 수원시 영통구 영통동 945-4, 한솔프라자 109호",경기,수원시
연무1호,경기 수원시 장안구 연무동 249-13,경기,수원시
율전1호,경기 수원시 장안구 율전동 305-6,경기,수원시
정자1호,경기 수원시 장안구 정자동 41-2,경기,수원시
정자2호,"경기 수원시 장안구 천천동 502-6, 1층",경기,수원시
조원1호,경기 수원시 장안구 조원동 729-12,경기,수원시
파장,경기 수원시 장안구 송죽동 216-1,경기,수원시
아주대,경기 수원시 팔달구 우만동 85-3 우만동R타워,경기,수원시
우만1호,경기 수원시 팔달구 우만1동 466-4,경기,수원시
화서1호,"경기 수원시 팔달구 화서동 703 꽃뫼양지마을(대우아파트) 상가 105, 106호",경기,수원시
화서2호,경기 수원시 팔달구 화서동 185-3,경기,수원시
거모,경기 시흥시 거모동 1757-1,경기,시흥시
능곡,경기 시흥시 능곡동 545,경기,시흥시
목감신도시1호,경기 시흥시 목감동 410-2,경기,시흥시
배곧신도시1호,"경기 시흥시 정왕동 2475 에이플러스 115, 116호",경기,시흥시
신천1호(시흥),경기 시흥시 신천동 707-50,경기,시흥시
은행1호(시흥),경기 시흥시 대야동 580-4,경기,시흥시
장곡,"경기 시흥시 장곡동 823-5, 동서빌딩",경기,시흥시
정왕1호,경기 시흥시 정왕동 1593-2,경기,시흥시
정왕2호,경기 시흥시 정왕동 1859-3,경기,시흥시
정왕3호,"경기 시흥시 정왕동 1726-1, 광개토빌딩 104호",경기,시흥시
고잔1호,경기 안산시 단원구 고잔동 756-1,경기,안산시
고잔2호,경기 안산시 단원구 와동 685-6,경기,안산시
선부1호,경기 안산시 단원구 선부동 1064-5,경기,안산시
원곡1호,경기 안산시 단원구 원곡동 754-6,경기,안산시
중앙(안산),경기 안산시 단원구 고잔동 540-7,경기,안산시
반월,경기 안산시 상록구 건건동 650-1,경기,안산시
본오1호,경기 안산시 상록구 본오동 879-10,경기,안산시
부곡(안산),경기 안산시 상록구 부곡동 670-2,경기,안산시
사동1호,경기 안산시 상록구 사동 1201,경기,안산시
사동2호,경기 안산시 상록구 사동 1376-7,경기,안산시
월피,"경기 안산시 상록구 월피동 442-26, 1층",경기,안산시
일동,경기 안산시 상록구 일동 89-3,경기,안산시
공도1호,경기 안성시 공도읍 만정리 417-98,경기,안성시
안성1호,경기 안성시 연지동 94,경기,안성시
안성2호,경기 안성시 인지동 397-1,경기,안성시
진사리,"경기 안성시 공도읍 진사리 348, 서지프라자 106호",경기,안성시
관양,경기 안양시 동안구 관양동 1437-20 1층,경기,안양시
비산1호,경기 안양시 동안구 비산동 566-7,경기,안양시
평촌1호,경기 안양시 동안구 평촌동 922-2,경기,안양시
평촌3호,경기 안양시 동안구 비산동 1059 층 A동 103호,경기,안양시
호계1호(안양),경기 안양시 동안구 호계2동 927-2,경기,안양시
박달사거리,경기 안양시 만안구 박달동 85-15,경기,안양시
석수1호,경기 안양시 만안구 석수1동 177-6,경기,안양시
안양1번가,경기 안양시 만안구 안양동 674-241,경기,안양시
안양1호,경기 안양시 만안구 안양동 765-8,경기,안양시
안양2호,경기 안양시 만안구 안양 5동 448-22 진명빌딩 103호,경기,안양시
고읍1호,경기 양주시 광사동 657,경기,양주시
다산신도시1호,경기 남양주시 다산동 산3006-2,경기,남양주시
덕소1호,경기 남양주시 와부읍 덕소리 141-91,경기,남양주시
덕정1호,경기 양주시 덕정동 240-27,경기,양주시
도농1호,경기 남양주시 도농동 153-5,경기,남양주시
마석,경기 남양주시 화도읍 마석우리 384-8,경기,남양주시
백석(양주),경기 양주시 백석읍 복지리 168-3,경기,양주시
별내1호,경기 남양주시 별내동 1078-3,경기,남양주시
별내2호,경기 남양주시 별내동 846-7,경기,남양주시
오남,경기 남양주시 오남읍 오남리 205-19,경기,남양주시
옥정,"경기 양주시 옥정동 966-1 (101호, 102호)",경기,양주시
진건,경기 남양주시 진건읍 사능리 353-4,경기,남양주시
진접장현리,경기 남양주시 진접읍 장현리 672-1,경기,남양주시
진접지구,경기 남양주시 진접읍 금곡리 1041-1,경기,남양주시
창현,경기 남양주시 화도읍 창현리 462-3,경기,남양주시
퇴계원,경기 남양주시 퇴계원면 퇴계원리 290-14,경기,남양주시
평내,경기 남양주시 평내동 203-2,경기,남양주시
호평,경기 남양주시 호평동 650-1,경기,남양주시
양평,경기 양평군 양평읍 양근리 183-4,경기,양평군
여주1호,경기 여주군 하동 405-4,경기,여주군
전곡,경기 연천군 전곡읍 전곡리 302-11,경기,연천군
세마1호,경기 오산시 내삼미동 856-8,경기,오산시
운암2호,"경기 오산시 오산동 919-3, 102호",경기,오산시
원동,경기 오산시 오산동 881-7,경기,오산시
구갈2지구,경기 용인시 기흥구 구갈리 345-3,경기,용인시
구성1호,경기 용인시 기흥구 마북동 370-9,경기,용인시
동백1호,경기 용인시 기흥구 동백동 614-5,경기,용인시
보라,경기 용인시 기흥구 보라동 581-2,경기,용인시
흥덕,경기 용인시 기흥구 영덕동 1007-6,경기,용인시
상현1호,경기 용인시 수지구 상현동 3-4,경기,용인시
상현역,경기 용인시 수지구 상현동 1160,경기,용인시
성복,경기 용인시 수지구 성복동 162-3,경기,용인시
수지1지구,경기 용인시 수지구 풍덕천동 29-10,경기,용인시
수지2지구,경기 용인시 수지구 풍덕천동 697,경기,용인시
죽전,경기 용인시 수지구 죽전동 1151,경기,용인시
둔전,경기 용인시 처인구 포곡읍 둔전리 400-2,경기,용인시
용인1호,경기 용인시 처인구 김량장동 293-24,경기,용인시
용인2호,경기 용인시 처인구 마평동 657-14,경기,용인시
내손갈뫼,경기 의왕시 내손1동 755-4 명성프라자,경기,의왕시
오전고천,"경기 의왕시 오전동 276-1, 114호",경기,의왕시
인덕원,경기 의왕시 포일동 662,경기,의왕시
포일내손,경기 의왕시 내손동 652-21,경기,의왕시
금오,경기 의정부시 금오동 473-4,경기,의정부시
녹양,경기 의정부시 가능동 92-51,경기,의정부시
민락(의정부),경기 의정부시 민락동 834-3,경기,의정부시
신곡,경기 의정부시 신곡동 484,경기,의정부시
신곡2호,경기 의정부시 신곡1동 707-2,경기,의정부시
용현1호,경기 의정부시 용현동 18-15,경기,의정부시
의정부역,경기 의정부시 의정부동 140-3 미래프라자 1층,경기,의정부시
장암,경기 의정부시 신곡1동 336,경기,의정부시
호원1호,경기 의정부시 호원동 466-15,경기,의정부시
이천1호,경기 이천시 창전동 458-17,경기,이천시
이천하이닉스,경기 이천시 부발읍 아미리 1003-2번,경기,이천시
증포,경기 이천시 증포동 153-5,경기,이천시
가람마을,경기 파주시 와동동 1557-1,경기,파주시
교하신도시,경기 파주시 다율동 1001-6,경기,파주시
금촌1호,경기 파주시 금촌동 790-10 1층,경기,파주시
금촌로데오,경기 파주시 금촌동 986-2,경기,파주시
문산,경기 파주시 문산읍 문산리 17-345 1층 5호,경기,파주시
봉일천,경기 파주시 조리읍 봉일천리 142-3,경기,파주시
운정1호,경기 파주시 동패동 1758,경기,파주시
비전1호,경기 평택시 비전동 272-7,경기,평택시
비전2호,경기 평택시 비전1동 793-7,경기,평택시
세교,"경기 평택시 세교동 558 우성꿈그린@상가 105,106호",경기,평택시
송탄1호,경기 평택시 서정동 843-10,경기,평택시
송탄2호,경기 평택시 지산동 995,경기,평택시
안중1호,경기 평택시 안중읍 현화리 831,경기,평택시
팽성1호,경기 평택시 팽성읍 안정리 26-49,경기,평택시
포승1호,경기 평택시 도곡리 1142-16,경기,평택시
송우,경기 포천시 소흘읍 송우리 729-3 파크프라자 1층,경기,포천시
포천,경기 포천시 신읍동 47-10,경기,포천시
덕풍1호,경기 하남시 덕풍동 309-64,경기,하남시
미사1호,경기 하남시 망월동 1004-1,경기,하남시
신장1호,경기 하남시 신장동 447-28,경기,하남시
신장2호,경기 하남시 천현동 40-13,경기,하남시
동탄1호,경기 화성시 반송동 42-6,경기,화성시
동탄2 영천,경기 화성시 영천동 701-1,경기,화성시
동탄2호,경기 화성시 반송동 217-6,경기,화성시
발안1호,경기 화성시 향남면 행정리 426-11,경기,화성시
병점1호,"경기 화성시 병점동 379-10 병점프라자 109호, 110호",경기,화성시
병점2호,경기 화성시 진안동 914-1,경기,화성시
봉담1호,경기 화성시 상리 26-8,경기,화성시
와우리,경기 화성시 기안동 338-4,경기,화성시
강남,강원 강릉시 노암동 708-1,강원,강릉시
교동1호,강원 강릉시 교1동 1863-3,강원,강릉시
성덕,강원 강릉시 입암동 498-13,강원,강릉시
주문진,강원 강릉시 주문진읍 교항리 119-11,강원,강릉시
포남,강원 강릉시 포남1동 1140-1,강원,강릉시
고성(강원),강원 고성군 간성읍 신안리 218,강원,고성군
묵호,강원 동해시 부곡동 74-5,강원,동해시
북삼,강원 동해시 쇄운동 84-5,강원,동해시
천곡,강원 동해시 천곡동 872,강원,동해시
삼척,강원 삼척시 남양동 17-2,강원,삼척시
교동,강원 속초시 교동 974-2,강원,속초시
동명,강원 속초시 동명동 1-18,강원,속초시
조양,강원 속초시 조양동 1540 부영파아트 상가동 102호,강원,속초시
양구,강원 양구군 양구읍 상리 227-105,강원,양구군
양양,강원 양양군 양양읍 남문리 125,강원,양양군
영월,강원 영월군 영월읍 하송리 178-2,강원,영월군
개운,강원 원주시 개운동 395-23,강원,원주시
늘품,강원 원주시 반곡동 1767-54,강원,원주시
단계,강원 원주시 단계동 837,강원,원주시
단구,강원 원주시 관설동 1701-4,강원,원주시
명륜(원주),강원 원주시 명륜동 539,강원,원주시
무실,강원 원주시 무실동 1664-3,강원,원주시
문막,강원 원주시 문막읍 건등리 1705-3,강원,원주시
우산,강원 원주시 우산동 226-10,강원,원주시
일산,강원 원주시 원동 278-7,강원,원주시
태장,강원 원주시 태장동 북원로 2716-1,강원,원주시
혁신(원주),강원 원주시 반곡동 1880-7,강원,원주시
원통,강원 인제군 북면 원통리 645-32,강원,인제군
사북고한,강원 정선군 사북읍 사북리 344-56,강원,정선군
교대,강원 춘천시 석사동 291-15,강원,춘천시
석사1호,강원 춘천시 석사동 748-18(33통405),강원,춘천시
신사우동,강원 춘천시 우두동 1052-29,강원,춘천시
춘천시청,강원 춘천시 소양로 3가 181-9,강원,춘천시
퇴계2호,강원 춘천시 퇴계동 87,강원,춘천시
효자(춘천),강원 춘천시 효자1동 661-16,강원,춘천시
후평1호,강원 춘천시 후평동 836-1,강원,춘천시
후평사거리,강원 춘천시 후평1동 693-4,강원,춘천시
태백1호,강원 태백시 상장동 87-36,강원,태백시
대관령,강원 평창군 횡계리 354-8,강원,평창군
홍천,강원 홍천군 홍천읍 신장대리 8-9,강원,홍천군
사창,강원 화천군 사내면 사창리 457-12,강원,화천군
화천,강원 화천군 화천읍 하리 44-45,강원,화천군
횡성,강원 횡성군 횡성읍 읍하리 107-48,강원,횡성군
단양,충북 단양군 단양읍 도전리 523,충북,단양군
보은,충북 보은군 보은읍 삼산리 153-2,충북,보은군
금왕,충북 음성군 금왕군 무극리 629,충북,음성군
대소,충북 음성군 대소면 태생리 539-170,충북,음성군
음성,충북 음성군 음성읍 읍내리 354-3,충북,음성군
음성혁신도시,충북 음성군 맹동면 두성리 1251,충북,음성군
장호원감곡,충북 음성군 감곡면 왕장리 523-8,충북,음성군
강제,충북 제천시 강제동 832,충북,제천시
명동,충북 제천시 명동 198번지,충북,제천시
신백,충북 제천시 신백동 214-7,충북,제천시
장락,충북 제천시 장락동 877,충북,제천시
청전,충북 제천시 의림동 7-26,충북,제천시
증평,충북 증평군 증평읍 초중리 8-1,충북,증평군
광혜원,충북 진천군 광혜원면 광혜원리 503-7,충북,진천군
진천(충북),충북 진천군 진천읍 읍내리 415-2,충북,진천군
오창1호,충북 청원군 오창면 각리 650-1,충북,청원군
금천광장,충북 청주시 상당구 용담동 395,충북,청주시
용암1호,충북 청주시 상당구 용암동 2163번지,충북,청주시
우암동,충북 청주시 상당구 우암동 123-81,충북,청주시
분평,충북 청주시 서원구 분평동 1234,충북,청주시
가경2호,충북 청주시 흥덕구 개신동 696 매직타워 1층 110호,충북,청주시
강서,충북 청주시 흥덕구 가경동 1849,충북,청주시
복대1호,충북 청주시 흥덕구 복대동 865-4,충북,청주시
봉명1호,충북 청주시 흥덕구 봉명동 2813,충북,청주시
사직1호(청주),충북 청주시 흥덕구 사직2동 595-12,충북,청주시
산남성화,충북 청주시 흥덕구 성화동 886번지 101호,충북,청주시
오송,충북 청주시 흥덕구 오송읍 호송읍 만수리 521,충북,청주시
운천신봉,충북 청주시 흥덕구 운천동 1366,충북,청주시
하복대,충북 청주시 흥덕구 복대동 2960,충북,청주시
갱고개,충북 충주시 갱고개로 41,충북,충주시
봉방문화교현,충북 충주시 교현동 634-17,충북,충주시
성내용산,충북 충주시 용산동 598,충북,충주시
연수,충북 충주시 연수동 1610,충북,충주시
계룡대,충남 계룡시 엄사면 엄사리 253-2,충남,계룡시
신관,충남 공주시 신관동 24-25,충남,공주시
옥룡,충남 공주시 옥룡동 308-1,충남,공주시
금산(충남),충남 금산군 금산읍 상리 47-10,충남,금산군
취암,충남 논산시 내동 628,충남,논산시
기지시,충남 당진시 반촌리 861-20,충남,당진시
복운,충남 당진시 송악면 복운리 1642-11,충남,당진시
신평,충남 당진시 신평면 거산리 13-4번지 1층,충남,당진시
읍내(당진),충남 당진시 읍내동 850,충남,당진시
채운,충남 당진시 읍내동 1541,충남,당진시
합덕,충남 당진시 합덕읍 운산리 266-2,충남,당진시
동대,충남 보령시 동대동 1766,충남,보령시
부여,충남 부여군 부여읍 관북리 133-5,충남,부여군
대산,충남 서산시 대산읍 산리 129-5,충남,서산시
동문,충남 서산시 동문동 406-2,충남,서산시
서산테크노,충남 서산시 오사리 1666,충남,서산시
석림,충남 서산시 동문동 999-6,충남,서산시
읍내(서산),충남 서산시 읍내동 276-5,충남,서산시
서천,충남 서천군 군사리 718-11,충남,서천군
권곡,충남 아산시 권곡동 549-26,충남,아산시
배미,충남 아산시 배미동 239-17,충남,아산시
배방1호,충남 아산시 배방읍 공수리 89-28,충남,아산시
온천,충남 아산시 온천동 1310,충남,아산시
용화,충남 아산시 용화동 714,충남,아산시
탕정지중해,충남 아산시 명암리 943-1,충남,아산시
예산,충남 예산군 예산읍 산성리 709-4,충남,예산군
목천,충남 천안시 동남구 목천읍 신계리 134-18,충남,천안시
병천,충남 천안시 동남구 병천면 병천리 156-5,충남,천안시
신방1호,충남 천안시 동남구 신방동 74-19 부흥빌딩 104호,충남,천안시
신방통정,충남 천안시 동남구 신방동 1538,충남,천안시
신부1호,충남 천안시 동남구 신부동 728,충남,천안시
원성,충남 천안시 동남구 원성2동 518-4,충남,천안시
청수,충남 천안시 동남구 청당동 513,충남,천안시
두정,충남 천안시 서북구 성정2동 1211,충남,천안시
백석(천안),충남 천안시 서북구 백석동 910번지 주공아파트상가 103호,충남,천안시
불당,충남 천안시 서북구 불당동 1630,충남,천안시
성거,충남 천안시 서북구 성거읍 저리 65-1,충남,천안시
성환1호,충남 천안시 서북구 성환읍 매주리 325-5 외 1,충남,천안시
직산1호,충남 천안시 서북구 직산읍 삼은리 76-177,충남,천안시
차암,충남 천안시 서북구 차암동 514,충남,천안시
태안,충남 태안군 태안읍 동문리 264-7,충남,태안군
내포1호,충남 홍성군 홍북면 신경리 1181번지 승우빌딩 107호,충남,홍성군
오관,충남 홍성군 홍성읍 대교리 577,충남,홍성군
고창,전북 고창군 고창읍 교촌리 506,전북,고창군
구암조촌,전북 군산시 조촌동 2-21,전북,군산시
군산대,전북 군산시 미룡동 867-2,전북,군산시
나운1호,전북 군산시 나운동 834-7,전북,군산시
미장수송,전북 군산시 수송동 836-8,전북,군산시
소룡산북,전북 군산시 소룡동 1545-5번지,전북,군산시
지곡,전북 군산시 지곡동 495-1,전북,군산시
김제,전북 김제시 신풍동 594-4번지,전북,김제시
남원,전북 남원시 도통동 387-12,전북,남원시
무주,전북 무주군 무주읍 읍내리 962,전북,무주군
무주구천,전북 무주군 설천면 삼공리 364-4,전북,무주군
부안,전북 부안군 부안읍 봉덕리 826-1,전북,부안군
순창,전북 순창군 순창읍 순화리 282-6,전북,순창군
봉동,전북 완주군 봉동읍 둔산리 907-5  101호,전북,완주군
삼례우석대,전북 완주군 삼례읍 후정리 13-8,전북,완주군
동산,전북 익산시 마동 344-5,전북,익산시
모현,전북 익산시 모현동1가 857,전북,익산시
부송,전북 익산시 부송동 710-5,전북,익산시
영등1호,전북 익산시 영등동 765-4,전북,익산시
영등2호,전북 익산시 영등동 843-5,전북,익산시
원광대,"전북 익산시 신동 764-4 시즈퍼스트 상가112호, 113호",전북,익산시
임실,전북 임실군 임실읍 이도리 294,전북,임실군
동산조촌,전북 전주시 덕진구 반월동 230-6,전북,전주시
솔내,전북 전주시 덕진구 송천동1가 405-1,전북,전주시
송천,전북 전주시 덕진구 송천동2가 179-116,전북,전주시
아중,전북 전주시 덕진구 인후동1가 834-4,전북,전주시
전북대,전북 전주시 덕진구 덕진동1가 1314-201,전북,전주시
하가덕진,전북 전주시 덕진구 덕진동2가 670-1,전북,전주시
혁신(전북 전주),전북 전주시 덕진구 중동 781-5,전북,전주시
호성,전북 전주시 덕진구 호성동1가 757-26,전북,전주시
삼천1호,전북 전주시 완산구 삼천동1가 621,전북,전주시
서곡효자,전북 전주시 완산구 효자동3가 1609-16,전북,전주시
서신,전북 전주시 완산구 서신동 938-5,전북,전주시
신시가지,전북 전주시 완산구 효자동2가 1327-1,전북,전주시
안행,전북 전주시 완산구 효자동1가 202-1,전북,전주시
중앙(전주),전북 전주시 완산구 고사동 470-3,전북,전주시
중화산,전북 전주시 완산구 중화산동2가 777-6,전북,전주시
평화1호,전북 전주시 완산구 평화동2가 230-112,전북,전주시
효자(전주),전북 전주시 완산구 효자동1가 652,전북,전주시
상동,전북 정읍시 장명동 169-10,전북,정읍시
수성(정읍),전북 정읍시 수성동 944-9,전북,정읍시
진안,전북 진안군 진안읍 군상리 286-1,전북,진안군
강진,전남 강진군 강진읍 남성리 5-4,전남,강진군
광양읍1호,전남 광양시 광양읍 칠성리 947-3,전남,광양시
중마1호,전남 광양시 마동 1037-4,전남,광양시
중마2호,전남 광양시 중동 1654-3,전남,광양시
나주,전남 나주시 대호동 1040-7,전남,나주시
빛가람1호,전남 나주시 빛가람동 190-3,전남,나주시
담양,전남 담양군 담양읍 백동리 247-7,전남,담양군
삼학,전남 목포시 산정동 1386-8,전남,목포시
상동석현,전남 목포시 석현동 1173-2,전남,목포시
옥암,전남 목포시 옥암동 1248-2,전남,목포시
용해,전남 목포시 용해동 769-5,전남,목포시
원산,전남 목포시 산정동 1693-3,전남,목포시
하당,전남 목포시 상동 1116-8번지,전남,목포시
남악,전남 무안군 삼향읍 남악리 1577 골든스위트 125호,전남,무안군
무안읍,전남 무안군 무안읍 성남리 813-45,전남,무안군
보성,전남 보성군 보성읍 보성리 831-19,전남,보성군
금당1호,전남 순천시 조례동 1612번지 1-4호,전남,순천시
남부(순천),전남 순천시 풍덕동 1265-5,전남,순천시
순천대점,전남 순천시 석현동 80-5,전남,순천시
신대,전남 순천시 해룡면 신대리 2019-4,전남,순천시
연향,전남 순천시 연향동 1351-1,전남,순천시
조례,전남 순천시 조례1동 1687-16,전남,순천시
팔마,전남 순천시 연향동 1681-3   1층,전남,순천시
국동,전남 여수시 신월동 96-1,전남,여수시
둔덕,전남 여수시 둔덕동 434-7,전남,여수시
문수,전남 여수시 문수동 124-1,전남,여수시
신기,전남 여수시 신기동 117-7,전남,여수시
안산,전남 여수시 안산동 470-2,전남,여수시
여서,전남 여수시 여서동 240-8,전남,여수시
죽림무선,전남 여수시 소라면 죽림리 1226-3,전남,여수시
영광,전남 영광군 영광읍 남천리 339-4,전남,영광군
삼호,전남 영암군 삼호읍 용앙리 481,전남,영암군
완도,전남 완도군 완도읍 군내리 1237-16 1층,전남,완도군
장흥,전남 장흥군 장흥읍 건산리 736-10,전남,장흥군
해남,전남 해남군 해남읍 읍내리 31-2,전남,해남군
화순,전남 화순군 화순읍 일심리 755,전남,화순군
경산,경북 경산시 옥산동 758-10(1층),경북,경산시
경산오거리,경북 경산시 중방동 880-23,경북,경산시
계양사동,경북 경산시 사동 663-6,경북,경산시
영대,경북 경산시 압량면 신대리 497,경북,경산시
진량,경북 경산시 진량읍 봉회리 81-3,경북,경산시
하양,경북 경산시 하양읍 금락리 130-18,경북,경산시
동천(경주),경북 경주시 동천동 791,경북,경주시
성건중앙,경북 경주시 성건동 625-13,경북,경주시
안강,경북 경주시 안강읍 산대리 2400-2,경북,경주시
충효,경북 경주시 충효동 3002-1,경북,경주시
황성,경북 경주시 황성동 893-3,경북,경주시
도량,경북 구미시 도량동 262-1,경북,구미시
봉곡,경북 구미시 봉곡동 302-4,경북,구미시
상모,경북 구미시 상모동 42-7,경북,구미시
선산,경북 구미시 선산읍 동부리 416,경북,구미시
송정(구미),경북 구미시 송정동 38-5 우방타운 206동2호,경북,구미시
신평공단,경북 구미시 신평동 129-2,경북,구미시
옥계,경북 구미시 옥계동 843-1,경북,구미시
원평,경북 구미시 원평동 84-5,경북,구미시
원호,경북 구미시 고아읍 원호리 442-2,경북,구미시
인동,경북 구미시 인의동 341-2,경북,구미시
진평,경북 구미시 진평동 29-5,경북,구미시
형곡,경북 구미시 형곡동 152-4,경북,구미시
김천,경북 김천시 신음동 1301-4,경북,김천시
김천혁신,경북 김천시 율곡동 364,경북,김천시
부곡(김천),경북 김천시 부곡동 426-1,경북,김천시
점촌,경북 문경시 모전동 866,경북,문경시
상주,경북 상주시 무양동 213-3,경북,상주시
성주,경북 성주군 성주읍 성산리 2102-4,경북,성주군
경북도청,경북 안동시 풍천면 갈전리 1325,경북,안동시
금곡,경북 안동시 당북동 311-8,경북,안동시
송현오거리,경북 안동시 송현동 260-5,경북,안동시
옥동(안동),경북 안동시 옥동 791-2,경북,안동시
용상,경북 안동시 용상동 1179-188,경북,안동시
가흥,경북 영주시 가흥동 1881,경북,영주시
영주,경북 영주시 휴천동 642-362,경북,영주시
중앙(영주),경북 영주시 영주2동 536-15,경북,영주시
풍기,경북 영주시 풍기읍 성내리 60,경북,영주시
영천1호,경북 영천시 망정동175-12,경북,영천시
울진,경북 울진군 울진읍 읍내리 576-1,경북,울진군
청도,경북 청도군 청도읍 고수리 503,경북,청도군
북삼,경북 칠곡군 북삼읍 인평리 246-3,경북,칠곡군
석적,경북 칠곡군 석적읍 중리 203-5,경북,칠곡군
왜관,경북 칠곡군 왜관읍 왜관리 237-19,경북,칠곡군
구룡포,경북 포항시 남구 구룡포읍 구룡포1리 742,경북,포항시
남부(포항),경북 포항시 남구 대도동 124-13,경북,포항시
대해중앙,경북 포항시 남구 대도동 97-4,경북,포항시
송도,경북 포항시 남구 해도동 25-28,경북,포항시
연일,경북 포항시 남구 생지리 157-9,경북,포항시
오천,경북 포항시 남구 오천읍 원리 913-2,경북,포항시
효곡,경북 포항시 남구 효자동 579-1 풍림아이원상가 107호,경북,포항시
양덕(포항),경북 포항시 북구 양덕동 1574,경북,포항시
양학대이,경북 포항시 북구 득량동 2-1,경북,포항시
용흥,경북 포항시 북구 용흥동 370,경북,포항시
우현,경북 포항시 북구 우현동 산15-6,경북,포항시
장성,경북 포항시 북구 장성동 1355-4,경북,포항시
죽도,경북 포항시 북구 대흥동 592-2,경북,포항시
환호장량,경북 포항시 북구 장성동 1378-3,경북,포항시
흥해,경북 포항시 북구 흥해읍 옥성리 403-7,경북,포항시
고현상동,경남 거제시 고현동 406-18,경남,거제시
아주,경남 거제시 아주동 1178-2,경남,거제시
옥포,경남 거제시 옥포동 160-1,경남,거제시
장평,경남 거제시 장평동 274,경남,거제시
중곡수월,경남 거제시 고현동 997,경남,거제시
거창1호,경남 거창군 거창읍 대동리 697-5,경남,거창군
고성(경남),경남 고성군 고성읍 송학리 244-88,경남,고성군
구산,경남 김해시 구산동 275-8,경남,김해시
내동,경남 김해시 내동 138-1,경남,김해시
대청,경남 김해시 대청동 61-1,경남,김해시
부원봉황,경남 김해시 부원동 607-3,경남,김해시
삼계1호,경남 김해시 삼계동 1479-4,경남,김해시
삼방,경남 김해시 삼방동 691-2 한일상가 108호,경남,김해시
삼정,경남 김해시 삼정동 590-1,경남,김해시
어방,경남 김해시 어방동 523-2,경남,김해시
외동,경남 김해시 외동 1187-12,경남,김해시
율하(김해),경남 김해시 관동동 1106-5,경남,김해시
장유1호,경남 김해시 내덕동 220-1 101호,경남,김해시
주촌,경남 김해시 주촌면 천곡리 1381-14,경남,김해시
지내안동,경남 김해시 지내동 67-1,경남,김해시
진영,경남 김해시 진영읍 진영리 1629-2,경남,김해시
남해,경남 남해군 남해읍 서변리 160-11,경남,남해군
내일동,경남 밀양시 내이동 1566-6,경남,밀양시
삼문상남,경남 밀양시 삼문동 717-11,경남,밀양시
동금,경남 사천시 동금동 58-4,경남,사천시
벌용,경남 사천시 벌리동 255-9,경남,사천시
사남,경남 사천시 사남면 월성리 64-3,경남,사천시
사천,경남 사천시 사천읍 수석리 293-23,경남,사천시
산청,경남 산청군 산청읍 옥산리 249,경남,산청군
덕계,경남 양산시 덕계동 750,경남,양산시
물금,경남 양산시 물금읍 범어리 2682-10,경남,양산시
삼성,경남 양산시 북정동 885-12,경남,양산시
상북,경남 양산시 상북면 석계리 242-1,경남,양산시
서창1호,경남 양산시 삼호동 707-2,경남,양산시
석산,경남 양산시 동면 금산리 1422-14,경남,양산시
중앙(양산),경남 양산시 중부동 684-6,경남,양산시
증산(양산),경남 양산시 물금읍 가촌리 1269-3,경남,양산시
통도사,경남 양산시 하북면 순지리 814-5,경남,양산시
의령,경남 의령군 의령읍 서동리 497-9,경남,의령군
가호,경남 진주시 가좌동 1431-2,경남,진주시
금산(진주),경남 진주시 금산면 장사리 1022-1,경남,진주시
상대,경남 진주시 상대동 238-3,경남,진주시
상봉중앙,경남 진주시 중안동 2-11,경남,진주시
상평,경남 진주시 상평동 198-43,경남,진주시
신안평거,경남 진주시 신안동 439-7,경남,진주시
이현인사,경남 진주시 인사동 145-5,경남,진주시
초장,경남 진주시 초전동 1704-7,경남,진주시
칠암망경,경남 진주시 칠암동 491-47,경남,진주시
판문평거,경남 진주시 평거동 733-1번지,경남,진주시
하대초전,경남 진주시 하대동 306-38,경남,진주시
혁신(경남 진주),경남 진주시 충무공동 38-1 뽀빠이프라자 1층 113호,경남,진주시
남지,경남 창녕군 남지읍 남지리 994-7,경남,창녕군
창녕,경남 창녕군 창녕읍 송현리 238-1,경남,창녕군
문화중앙,경남 창원시 마산합포구 중앙동2가 5-42번지,경남,창원시
월영,경남 창원시 마산합포구 해운동 42-11,경남,창원시
자산교방,경남 창원시 마산합포구 자산동 301-19,경남,창원시
진동,경남 창원시 마산합포구 진동면 진동리 436,경남,창원시
창동산호,경남 창원시 마산합포구 산호동 338-35,경남,창원시
내서삼계,경남 창원시 마산회원구 삼계리 35-14,경남,창원시
석전회성,경남 창원시 마산회원구 석전동 264-56,경남,창원시
양덕(창원),경남 창원시 마산회원구 양덕2동 73-35,경남,창원시
호계,경남 창원시 마산회원구 내서읍 호계리 289-45,경남,창원시
회원,경남 창원시 마산회원구 회원2동 669-4,경남,창원시
남양,경남 창원시 성산구 가음동 7-2 더원빌딩 104호,경남,창원시
대방,경남 창원시 성산구 성주동 100,경남,창원시
반송(창원),경남 창원시 성산구 반지동 55-18,경남,창원시
사파,경남 창원시 성산구 사파동 113-16,경남,창원시
중앙(창원 성산),경남 창원시 성산구 중앙동 100-1,경남,창원시
감계,경남 창원시 의창구 북면 감계리 246-4,경남,창원시
도계명서,경남 창원시 의창구 도계동 396-9,경남,창원시
동읍,경남 창원시 의창구 동읍 용잠리 371-2,경남,창원시
봉곡사림,경남 창원시 의창구 봉곡동 132-18,경남,창원시
용지호수,경남 창원시 의창구 용호동 73-50,경남,창원시
중동소답,경남 창원시 의창구 서상동 666-6,경남,창원시
팔용,경남 창원시 의창구 팔용동 183-10,경남,창원시
석동덕산,경남 창원시 진해구 석동 139-6,경남,창원시
웅동용원,경남 창원시 진해구 용원동 1214-11,경남,창원시
중앙(진해),경남 창원시 진해구 여좌동 925-40,경남,창원시
태평,경남 창원시 진해구 수송동 12-11,경남,창원시
풍호,경남 창원시 진해구 풍호동 305-17,경남,창원시
미수봉평,경남 통영시 미수동 22-1번지 운하상가 115호,경남,통영시
북신무전,경남 통영시 무전동 1033-2,경남,통영시
죽림,경남 통영시 광도면 죽림리 1574-57 가동 103호,경남,통영시
함안,경남 함안군 가야읍 말산리 58-27,경남,함안군
함양,경남 함양군 함양읍 용평리 773-1,경남,함양군
합천,경남 합천군 합천읍 합천리 320-3,경남,합천군
대정,제주 서귀포시 대정읍 하모리 1048-4,제주,서귀포시
서귀포1호,제주 서귀포시 동흥동 117-6,제주,서귀포시
서귀포명동,제주 서귀포시 서귀동 408-3,제주,서귀포시
서귀포혁신도시,제주 서귀포시 강정동 166-10,제주,서귀포시
성산일출봉,제주 서귀포시 성산읍 성산리 362-1,제주,서귀포시
중문,제주 서귀포시 중문동 1965-9,제주,서귀포시
표선,제주 서귀포시 표선리 633-3,제주,서귀포시
건입,제주 제주시 일도2동 160-9,제주,제주시
노형,제주 제주시 노형동 1055-1,제주,제주시
도두해안도로,제주 제주시 도두1동 2625-4,제주,제주시
삼양화북,제주 제주시 화북1동 1023-2,제주,제주시
아라이도,제주 제주시 이도2동 1970-24,제주,제주시
외도하귀,제주 제주시 애월읍 하귀1리 167,제주,제주시
용담삼도,제주 제주시 용담2동 624-10 1층,제주,제주시
이도일도,제주 제주시 이도이동 1179-18,제주,제주시
제주1호,제주 제주시  연동 272-30,제주,제주시
탑동(제주),제주 제주시 삼도이동 1192-22,제주,제주시
한림협재,제주 제주시 한림읍 한림리 1582-8,제주,제주시
함덕,제주 제주시 조천읍 함덕리 1004-41,제주,제주시
